CT	LoadSTD	QLoss
450	44.92217	0.179005
450	45.032078	0.17804
450	48.695984	0.176832
450	50.354424	0.165306
450	51.832436	0.164098
450	60.083232	0.164087
450	66.227648	0.162879
491.8	110.038458	0.16279
496.8	153.738075	0.162153
522.7	150.762599	0.161516
570.4	184.633894	0.160963
573.1	174.983748	0.161413
586.2	202.951009	0.160103
610	191.268785	0.159736
640	171.369721	0.16073
868.1	273.517479	0.159087
897.2	334.926786	0.158528
1100.5000000000	383.780495	0.158451
